id, timestamp, demand, frequency, coal, nuclear, ccgt, wind, pumped, hydro, biomass, oil, solar, ocgt, french_ict, dutch_ict, irish_ict, ew_ict, nemo, other, north_south, scotland_england, ifa2, intelec_ict, nsl, vkl_ict
1296636, 2023-10-02 00:00:40, 21917, 50.056, 0, 4232, 9154, 4255, 0, 668, 1966, 0, 0, 3, -642, -524, -162, -442, 0, 240, 0, 0, -12, -134, 1399, 0
1296637, 2023-10-02 00:06:24, 21893, 50.056, 0, 4233, 9228, 4198, 0, 667, 1947, 0, 0, 2, -664, -526, -74, -398, 0, 219, 0, 0, -12, -124, 1399, 0
1296638, 2023-10-02 00:11:12, 21908, 50.058998, 0, 4234, 9295, 4173, 0, 667, 1934, 0, 0, 4, -664, -526, -74, -398, 0, 202, 0, 0, -12, -124, 1399, 0
1296639, 2023-10-02 00:15:39, 21908, 50.053001, 0, 4235, 9294, 4179, 0, 668, 1927, 0, 0, 3, -664, -526, -74, -398, 0, 203, 0, 0, -12, -124, 1399, 0
1296640, 2023-10-02 00:20:39, 21805, 50.063, 0, 4235, 9204, 4165, 0, 668, 1929, 0, 0, 3, -664, -526, -74, -398, 0, 202, 0, 0, -12, -124, 1399, 0
1296641, 2023-10-02 00:25:39, 21731, 50.061001, 0, 4236, 9168, 4144, 0, 667, 1912, 0, 0, 3, -664, -526, -74, -398, 0, 202, 0, 0, -12, -124, 1399, 0
1296642, 2023-10-02 00:30:39, 21630, 49.986, 0, 4235, 9139, 4075, 0, 667, 1910, 0, 0, 3, -664, -526, -74, -398, 0, 202, 0, 0, -12, -124, 1399, 0
1296643, 2023-10-02 00:35:38, 21598, 49.895, 0, 4232, 9155, 4012, 0, 668, 1927, 0, 0, 3, -370, -574, -74, -394, 0, 202, 0, 0, -66, -154, 1399, 0
1296644, 2023-10-02 00:40:39, 21611, 49.876999, 0, 4234, 9169, 3976, 0, 668, 1930, 0, 0, 3, -370, -574, -74, -394, 0, 232, 0, 0, -66, -154, 1399, 0
1296645, 2023-10-02 00:45:39, 21620, 49.875, 0, 4224, 9205, 3934, 0, 667, 1930, 0, 0, 2, -370, -574, -74, -394, 0, 259, 0, 0, -66, -154, 1399, 0
1296646, 2023-10-02 00:50:39, 21632, 49.993, 0, 4221, 9231, 3911, 0, 668, 1935, 0, 0, 2, -370, -574, -74, -394, 0, 265, 0, 0, -66, -154, 1399, 0
1296647, 2023-10-02 00:55:39, 21602, 50.042, 0, 4224, 9279, 3856, 0, 667, 1928, 0, 0, 2, -370, -574, -74, -394, 0, 247, 0, 0, -66, -154, 1399, 0
1296648, 2023-10-02 01:00:46, 21614, 50.108002, 0, 4223, 9327, 3830, 0, 666, 1923, 0, 0, 2, -370, -574, -74, -394, 0, 244, 0, 0, -66, -154, 1399, 0
1296649, 2023-10-02 01:05:42, 21591, 49.877998, 0, 4226, 9289, 3850, 0, 662, 1930, 0, 0, 3, -350, -576, -74, -302, 0, 232, 0, 0, -68, -156, 1399, 0
1296650, 2023-10-02 01:10:39, 21498, 49.918999, 0, 4229, 9127, 3873, 0, 652, 1947, 0, 0, 4, -350, -576, -74, -302, 0, 267, 0, 0, -68, -156, 1399, 0
1296651, 2023-10-02 01:15:39, 21372, 49.984001, 0, 4227, 9093, 3843, 0, 639, 1947, 0, 0, 3, -350, -576, -74, -302, 0, 221, 0, 0, -68, -156, 1399, 0
1296652, 2023-10-02 01:20:40, 21239, 50.054001, 0, 4227, 9023, 3800, 0, 627, 1957, 0, 0, 3, -350, -576, -74, -302, 0, 203, 0, 0, -68, -156, 1399, 0
1296653, 2023-10-02 01:25:40, 21174, 50.098, 0, 4224, 8955, 3793, 0, 626, 1969, 0, 0, 4, -350, -576, -74, -302, 0, 204, 0, 0, -68, -156, 1399, 0
1296654, 2023-10-02 01:30:39, 21115, 49.977001, 0, 4227, 8921, 3772, 0, 625, 1963, 0, 0, 4, -350, -576, -74, -302, 0, 204, 0, 0, -68, -156, 1399, 0
1296655, 2023-10-02 01:35:39, 21033, 49.890999, 0, 4229, 8878, 3731, 0, 627, 1962, 0, 0, 3, -160, -758, -74, -382, 0, 204, 0, 0, -42, -132, 1399, 0
1296656, 2023-10-02 01:40:42, 20926, 49.965, 0, 4224, 8757, 3701, 0, 628, 1977, 0, 0, 3, -160, -758, -74, -382, 0, 237, 0, 0, -42, -132, 1399, 0
1296657, 2023-10-02 01:45:39, 20926, 49.984001, 0, 4219, 8747, 3724, 0, 628, 1973, 0, 0, 4, -160, -758, -74, -382, 0, 232, 0, 0, -42, -132, 1399, 0
1296658, 2023-10-02 01:50:40, 20853, 50.071999, 0, 4223, 8708, 3702, 0, 627, 1963, 0, 0, 4, -160, -758, -74, -382, 0, 227, 0, 0, -42, -132, 1399, 0
1296659, 2023-10-02 01:55:39, 20861, 49.959999, 0, 4224, 8754, 3694, 0, 627, 1947, 0, 0, 4, -160, -758, -74, -382, 0, 212, 0, 0, -42, -132, 1399, 0
1296660, 2023-10-02 02:01:00, 20704, 49.983002, 0, 4226, 8627, 3671, 0, 627, 1934, 0, 0, 3, -160, -758, -74, -382, 0, 217, 0, 0, -42, -132, 1399, 0
1296661, 2023-10-02 02:06:21, 20589, 49.925999, 0, 4225, 8524, 3696, 0, 605, 1891, 0, 0, 4, -154, -760, -74, -420, 0, 224, 0, 0, -30, -132, 1399, 0
1296662, 2023-10-02 02:10:53, 20785, 49.928001, 0, 4228, 8594, 3669, 0, 599, 1904, 0, 0, 3, -154, -760, -74, -420, 0, 238, 0, 0, -30, -132, 1399, 0
1296663, 2023-10-02 02:15:41, 20801, 49.946999, 0, 4225, 8572, 3633, 0, 600, 1909, 0, 0, 3, -154, -760, -74, -420, 0, 244, 0, 0, -30, -132, 1399, 0
1296664, 2023-10-02 02:20:40, 20809, 49.926998, 0, 4223, 8564, 3672, 0, 599, 1907, 0, 0, 3, -154, -760, -74, -420, 0, 226, 0, 0, -30, -132, 1399, 0
1296665, 2023-10-02 02:25:39, 20799, 49.922001, 0, 4223, 8588, 3666, 0, 599, 1884, 0, 0, 3, -154, -760, -74, -420, 0, 221, 0, 0, -30, -132, 1399, 0
1296666, 2023-10-02 02:30:50, 20750, 50.02, 0, 4220, 8629, 3631, 0, 600, 1822, 0, 0, 3, -154, -760, -74, -420, 0, 230, 0, 0, -30, -132, 1399, 0
1296667, 2023-10-02 02:35:39, 20773, 49.919998, 0, 4220, 8725, 3595, 0, 600, 1803, 0, 0, 3, -300, -936, -74, -296, 0, 212, 0, 0, 216, -132, 1399, 0
1296668, 2023-10-02 02:40:40, 20900, 50.000999, 0, 4225, 8833, 3574, 0, 600, 1830, 0, 0, 4, -300, -936, -74, -296, 0, 219, 0, 0, 216, -132, 1399, 0
1296669, 2023-10-02 02:45:40, 20984, 49.972, 0, 4226, 8904, 3580, 0, 599, 1841, 0, 0, 4, -300, -936, -74, -296, 0, 214, 0, 0, 217, -132, 1399, 0
1296670, 2023-10-02 02:50:39, 21022, 49.903999, 0, 4231, 8919, 3571, 0, 594, 1868, 0, 0, 3, -300, -936, -74, -296, 0, 220, 0, 0, 217, -132, 1399, 0
1296671, 2023-10-02 02:55:38, 20955, 49.931, 0, 4229, 8899, 3507, 0, 626, 1861, 0, 0, 3, -300, -936, -74, -296, 0, 214, 0, 0, 217, -132, 1399, 0
1296672, 2023-10-02 03:00:49, 20828, 50.026001, 0, 4223, 8894, 3421, 0, 631, 1861, 0, 0, 4, -314, -938, -74, -328, 0, 179, 0, 0, 216, -156, 1399, 0
1296673, 2023-10-02 03:05:50, 20959, 49.918999, 0, 4226, 9125, 3452, 0, 629, 1892, 0, 0, 3, -314, -938, -74, -328, 0, 162, 0, 0, 71, -156, 1399, 0
1296674, 2023-10-02 03:10:42, 21309, 50.064999, 0, 4229, 9598, 3337, 0, 617, 1962, 0, 0, 3, -314, -938, -74, -328, 0, 164, 0, 0, 0, -156, 1399, 0
1296675, 2023-10-02 03:15:46, 21519, 50.014, 0, 4228, 9835, 3283, 0, 628, 1980, 0, 0, 4, -314, -938, -74, -328, 0, 162, 0, 0, 0, -156, 1399, 0
1296676, 2023-10-02 03:20:41, 21590, 49.923, 0, 4226, 9913, 3275, 0, 641, 1980, 0, 0, 2, -314, -938, -74, -328, 0, 154, 0, 0, 0, -156, 1399, 0
1296677, 2023-10-02 03:25:39, 21471, 49.897999, 0, 4224, 9825, 3212, 0, 643, 1980, 0, 0, 3, -314, -938, -74, -328, 0, 185, 0, 0, 0, -156, 1399, 0
1296678, 2023-10-02 03:30:40, 21471, 49.924, 0, 4226, 9804, 3224, 0, 643, 1981, 0, 0, 2, -314, -938, -74, -328, 0, 192, 0, 0, 0, -156, 1399, 0
1296679, 2023-10-02 03:35:40, 21441, 49.937, 0, 4227, 9805, 3221, 0, 642, 1969, 0, 0, 2, -620, -786, -74, -204, 0, 176, 0, 0, -374, -696, 1399, 0
1296680, 2023-10-02 03:40:42, 21482, 49.983002, 0, 4229, 9866, 3210, 0, 643, 1966, 0, 0, 4, -620, -786, -74, -204, 0, 165, 0, 0, -374, -696, 1399, 0
1296681, 2023-10-02 03:45:54, 21563, 49.962002, 0, 4227, 9984, 3169, 0, 642, 1983, 0, 0, 4, -620, -786, -74, -204, 0, 155, 0, 0, -374, -696, 1399, 0
1296682, 2023-10-02 03:50:39, 21691, 49.883999, 0, 4225, 10103, 3179, 0, 641, 1982, 0, 0, 4, -620, -786, -74, -204, 0, 158, 0, 0, -374, -696, 1399, 0
1296683, 2023-10-02 03:55:39, 21684, 50.025002, 0, 4229, 10078, 3162, 0, 638, 1973, 0, 0, 2, -620, -786, -74, -204, 0, 203, 0, 0, -374, -696, 1399, 0
1296684, 2023-10-02 04:00:46, 21581, 50.000999, 0, 4226, 10046, 3165, 0, 629, 1971, 0, 0, 2, -620, -786, -74, -204, 0, 143, 0, 0, -374, -696, 1399, 0
1296685, 2023-10-02 04:06:47, 21581, 49.935001, 0, 4226, 10046, 3165, 0, 629, 1971, 0, 0, 2, -632, -778, -74, -186, 0, 143, 0, 0, -400, -720, 1399, 0
1296686, 2023-10-02 04:10:42, 21832, 49.963001, 0, 4227, 10342, 3120, 0, 630, 1963, 0, 0, 3, -632, -778, -74, -186, 0, 148, 0, 0, -400, -720, 1399, 0
1296687, 2023-10-02 04:15:39, 21995, 50.029999, 0, 4227, 10435, 3145, 0, 630, 1963, 0, 0, 3, -632, -778, -74, -186, 0, 193, 0, 0, -400, -720, 1399, 0
1296688, 2023-10-02 04:20:44, 22043, 49.977001, 0, 4226, 10473, 3204, 0, 628, 1963, 0, 0, 3, -632, -778, -74, -186, 0, 147, 0, 0, -400, -720, 1399, 0
1296689, 2023-10-02 04:25:40, 22144, 49.956001, 0, 4226, 10539, 3232, 0, 629, 1969, 0, 0, 3, -632, -778, -74, -186, 0, 147, 0, 0, -400, -720, 1399, 0
1296690, 2023-10-02 04:30:42, 22182, 50.063, 0, 4227, 10534, 3248, 0, 630, 1977, 0, 0, 3, -632, -778, -74, -186, 0, 164, 0, 0, -400, -720, 1399, 0
1296691, 2023-10-02 04:35:40, 22302, 49.917999, 0, 4227, 10704, 3228, 0, 629, 1966, 0, 0, 2, -878, -280, -104, -94, 0, 147, 0, 0, -932, -842, 1399, 0
1296692, 2023-10-02 04:40:45, 22508, 49.943001, 0, 4226, 10879, 3226, 0, 630, 1977, 0, 0, 3, -878, -280, -104, -94, 0, 168, 0, 0, -932, -842, 1399, 0
1296693, 2023-10-02 04:45:40, 22793, 49.972, 0, 4224, 11074, 3243, 37, 630, 1978, 0, 0, 2, -878, -280, -104, -94, 0, 206, 0, 0, -932, -842, 1399, 0
1296694, 2023-10-02 04:50:41, 23060, 50.021, 0, 4225, 11344, 3206, 100, 629, 1980, 0, 0, 3, -878, -280, -104, -94, 0, 174, 0, 0, -932, -842, 1399, 0
1296695, 2023-10-02 04:55:39, 23343, 49.911999, 0, 4225, 11697, 3257, 0, 629, 1977, 0, 0, 3, -878, -280, -104, -94, 0, 156, 0, 0, -932, -842, 1399, 0
1296696, 2023-10-02 05:00:59, 23754, 50.082001, 0, 4227, 12076, 3280, 0, 627, 1981, 0, 0, 2, -866, -266, -262, 0, 0, 162, 0, 0, -946, -842, 1399, 0
1296697, 2023-10-02 05:06:36, 23754, 49.922001, 0, 4227, 12076, 3280, 0, 627, 1981, 0, 0, 2, -866, -266, -262, 0, 0, 162, 0, 0, -946, -842, 1399, 0
1296698, 2023-10-02 05:10:45, 23942, 49.896, 65, 4228, 11955, 3315, 0, 822, 1980, 0, 0, 2, -866, -266, -262, 0, 0, 176, 0, 0, -946, -842, 1399, 0
1296699, 2023-10-02 05:15:50, 24253, 49.924, 116, 4229, 12121, 3300, 0, 830, 1983, 0, 0, 3, -866, -266, -262, 0, 0, 272, 0, 0, -946, -842, 1399, 0
1296700, 2023-10-02 05:21:16, 24650, 50.040001, 164, 4229, 12398, 3353, 0, 830, 1981, 0, 0, 3, -866, -266, -262, 0, 0, 293, 0, 0, -946, -842, 1399, 0
1296701, 2023-10-02 05:25:47, 24978, 50.047001, 195, 4233, 12710, 3371, 22, 830, 1977, 0, 0, 3, -866, -266, -262, 0, 0, 238, 0, 0, -946, -842, 1399, 0
1296702, 2023-10-02 05:30:53, 25279, 49.846001, 226, 4229, 12911, 3378, 108, 829, 1973, 0, 0, 3, -866, -266, -262, 0, 0, 223, 0, 0, -946, -842, 1399, 0
1296703, 2023-10-02 05:35:41, 25513, 50.055, 258, 4230, 13028, 3403, 108, 831, 1979, 0, 0, 3, -280, -350, -364, 0, 0, 274, 0, 0, -626, -726, 1399, 0
1296704, 2023-10-02 05:40:48, 25936, 50.025002, 286, 4228, 12974, 3414, 492, 821, 1971, 0, 0, 1, -280, -350, -364, 0, 0, 350, 0, 0, -626, -726, 1399, 0
1296705, 2023-10-02 05:45:55, 26260, 49.897999, 318, 4229, 13211, 3462, 404, 816, 1979, 0, 0, 1, -280, -350, -364, 0, 0, 441, 0, 0, -626, -726, 1399, 0
1296706, 2023-10-02 05:50:49, 26432, 50.027, 347, 4231, 13396, 3452, 292, 825, 1983, 0, 0, 1, -280, -350, -364, 0, 0, 506, 0, 0, -626, -726, 1399, 0
1296707, 2023-10-02 05:55:44, 26681, 49.882, 351, 4225, 13603, 3465, 250, 826, 1982, 0, 0, 1, -280, -350, -364, 0, 0, 579, 0, 0, -626, -726, 1399, 0
1296708, 2023-10-02 06:00:43, 27007, 50.016998, 372, 4227, 13707, 3507, 381, 829, 1985, 0, 0, 0, -280, -350, -364, 0, 0, 600, 0, 0, -626, -726, 1399, 0
1296709, 2023-10-02 06:05:40, 27091, 50.014999, 367, 4228, 13746, 3493, 500, 835, 1976, 0, 0, 1, -204, -354, -292, 0, 0, 519, 0, 0, -582, -708, 1399, 0
1296710, 2023-10-02 06:10:44, 27439, 50.018002, 383, 4229, 13814, 3502, 382, 835, 1972, 0, 0, 1, -204, -354, -292, 0, 0, 403, 0, 0, -582, -708, 1399, 0
1296711, 2023-10-02 06:15:43, 27966, 50.040001, 418, 4230, 14038, 3485, 320, 835, 1971, 0, 0, 1, -204, -354, -292, 0, 0, 381, 0, 0, -582, -708, 1399, 0
1296712, 2023-10-02 06:20:43, 28265, 49.970001, 428, 4230, 14400, 3447, 227, 835, 1976, 0, 0, 2, -204, -354, -292, 0, 0, 432, 0, 0, -582, -708, 1399, 0
1296713, 2023-10-02 06:25:45, 28526, 49.908001, 429, 4231, 14705, 3401, 226, 834, 1970, 0, 0, 2, -204, -354, -292, 0, 0, 439, 0, 0, -582, -708, 1399, 0
1296714, 2023-10-02 06:30:49, 28678, 49.874001, 429, 4232, 14776, 3382, 226, 836, 1963, 0, 0, 1, -204, -354, -292, 0, 0, 545, 0, 0, -582, -708, 1399, 0
1296715, 2023-10-02 06:35:46, 28857, 50.147999, 431, 4230, 14860, 3347, 248, 837, 1993, 0, 1.13204, 1, 803, -462, -390, -8, 0, 622, 0, 0, 87, -434, 1398, 0
1296716, 2023-10-02 06:41:12, 28930, 49.898998, 445, 4221, 14836, 3355, 381, 834, 1990, 0, 1.22732, 1, 803, -462, -390, -8, 0, 578, 0, 0, 87, -434, 1399, 0
1296717, 2023-10-02 06:45:41, 28993, 50.036999, 458, 4223, 14850, 3369, 224, 836, 2006, 0, 1.22848, 1, 803, -462, -390, -8, 0, 738, 0, 0, 86, -434, 1399, 0
1296718, 2023-10-02 06:50:45, 29184, 49.980999, 459, 4219, 14902, 3403, 271, 836, 2000, 0, 1.22848, 2, 803, -462, -390, -8, 0, 804, 0, 0, 86, -434, 1399, 0
1296719, 2023-10-02 06:55:39, 29405, 49.932999, 459, 4219, 15025, 3422, 321, 835, 2003, 0, 1.22848, 1, 803, -462, -390, -8, 0, 832, 0, 0, 86, -434, 1399, 0
1296720, 2023-10-02 07:00:41, 29472, 49.895, 458, 4219, 15122, 3343, 376, 836, 2000, 0, 1.22112, 1, 803, -462, -390, -8, 0, 829, 0, 0, 86, -434, 1399, 0
1296721, 2023-10-02 07:05:55, 29482, 49.951, 462, 4218, 15069, 3292, 465, 836, 1997, 0, 104.995003, 1, 722, -462, -320, -132, 0, 763, 0, 0, 258, -418, 1399, 0
1296722, 2023-10-02 07:11:03, 29897, 49.990002, 460, 4218, 14867, 3229, 590, 832, 1998, 0, 110.763, 2, 523, -462, -320, -132, 0, 630, 0, 0, 608, -418, 1398, 0
1296723, 2023-10-02 07:15:56, 30269, 50.027, 457, 4217, 14827, 3239, 832, 824, 2003, 0, 113.922997, 2, 442, -462, -320, -132, 0, 378, 0, 0, 787, -418, 1399, 0
1296724, 2023-10-02 07:21:21, 30454, 49.875999, 459, 4217, 15064, 3292, 777, 823, 2001, 0, 122.499001, 2, 442, -462, -320, -132, 0, 329, 0, 0, 788, -418, 1399, 0
1296725, 2023-10-02 07:25:55, 30623, 50.000999, 459, 4214, 15260, 3316, 609, 824, 2006, 0, 123.591003, 2, 442, -462, -320, -132, 0, 444, 0, 0, 788, -418, 1398, 0
1296726, 2023-10-02 07:30:47, 30729, 50.051998, 459, 4211, 15415, 3354, 557, 825, 2007, 0, 124.248001, 1, 442, -462, -320, -132, 0, 409, 0, 0, 788, -418, 1399, 0
1296727, 2023-10-02 07:35:39, 30771, 49.993, 491, 4218, 15505, 3397, 459, 827, 1997, 0, 412.412994, 1, 442, 263, -428, -296, 0, 386, 0, 0, 788, 598, 1399, 0
1296728, 2023-10-02 07:41:51, 30729, 49.889999, 550, 4223, 15597, 3427, 251, 829, 1980, 0, 422.546997, 2, 442, 263, -428, -296, 0, 379, 0, 0, 788, 599, 1399, 0
1296729, 2023-10-02 07:46:17, 30791, 49.915001, 579, 4223, 15648, 3505, 222, 828, 1971, 0, 427.927002, 2, 442, 262, 0, 0, 0, 324, 0, 0, 788, 598, 1399, 0
1296730, 2023-10-02 07:51:53, 30791, 50.062, 579, 4223, 15648, 3505, 222, 828, 1971, 0, 437.73999, 2, 442, 262, -428, -296, 0, 324, 0, 0, 788, 598, 1399, 0
1296731, 2023-10-02 07:56:37, 30870, 49.952, 659, 4221, 15630, 3379, 222, 824, 2031, 0, 440.187012, 1, 442, 262, -428, -296, 0, 415, 0, 0, 787, 598, 1399, 0
1296732, 2023-10-02 08:01:37, 30960, 49.978001, 696, 4225, 15545, 3409, 237, 833, 2086, 0, 441.026001, 3, 442, 263, -452, -414, 0, 437, 0, 0, 787, 598, 1399, 0
1296733, 2023-10-02 08:06:17, 31096, 50.032001, 713, 4223, 15321, 3400, 346, 826, 2087, 0, 755.679016, 2, 564, 360, 0, 0, 0, 390, 0, 0, 837, 628, 1399, 0
1296734, 2023-10-02 08:12:00, 31096, 49.967999, 713, 4223, 15321, 3400, 346, 826, 2087, 0, 772.135986, 2, 564, 360, -452, -414, 0, 390, 0, 0, 837, 628, 1399, 0
1296735, 2023-10-02 08:15:54, 31602, 49.867001, 709, 4219, 15052, 3505, 9, 789, 2091, 0, 778.163025, 3, 985, 904, -452, -414, 0, 227, 0, 0, 987, 723, 1399, 0
1296736, 2023-10-02 08:21:02, 31622, 50.046001, 713, 4223, 15053, 3449, 0, 788, 2089, 0, 789.763, 4, 984, 904, -452, -414, 0, 306, 0, 0, 987, 723, 1399, 0
1296737, 2023-10-02 08:26:13, 31622, 50.047001, 710, 4222, 15105, 3415, 86, 788, 2092, 0, 793.018005, 2, 985, 902, -452, -414, 0, 206, 0, 0, 987, 723, 1399, 0
1296738, 2023-10-02 08:30:42, 31542, 50.034, 707, 4228, 15132, 3369, 22, 781, 2099, 0, 796.054016, 3, 985, 904, -452, -414, 0, 203, 0, 0, 987, 723, 1399, 0
1296739, 2023-10-02 08:36:06, 31507, 49.949001, 707, 4228, 15137, 3348, 0, 776, 2103, 0, 1083.189941, 3, 984, 904, -452, -500, 0, 208, 0, 0, 987, 723, 1399, 0
1296740, 2023-10-02 08:40:48, 31454, 50.039001, 706, 4229, 15086, 3438, 0, 720, 2102, 0, 1092.030029, 4, 984, 903, -452, -500, 0, 174, 0, 0, 986, 723, 1399, 0
1296741, 2023-10-02 08:46:21, 31386, 50.023998, 706, 4226, 15111, 3439, 0, 643, 2106, 0, 1102.27002, 1, 984, 902, -452, -500, 0, 158, 0, 0, 987, 724, 1399, 0
1296742, 2023-10-02 08:51:25, 31369, 50.022999, 705, 4223, 15095, 3449, 0, 642, 2100, 0, 1113.150024, 0, 984, 904, -452, -500, 0, 157, 0, 0, 987, 724, 1399, 0
1296743, 2023-10-02 08:55:43, 31364, 49.866001, 704, 4222, 15080, 3454, 0, 644, 2103, 0, 1117.23999, 1, 984, 905, -452, -500, 0, 157, 0, 0, 987, 724, 1399, 0
1296744, 2023-10-02 09:00:59, 31284, 49.960999, 705, 4219, 14938, 3442, 0, 645, 2105, 0, 1122.089966, 0, 984, 903, -452, -500, 0, 233, 0, 0, 987, 724, 1399, 0
1296745, 2023-10-02 09:05:46, 31284, 49.960999, 705, 4219, 14938, 3442, 0, 645, 2105, 0, 1442.560059, 0, 984, 903, -452, -486, 0, 233, 0, 0, 987, 724, 1399, 0
1296746, 2023-10-02 09:10:42, 31284, 49.960999, 705, 4219, 14938, 3442, 0, 645, 2105, 0, 1456.72998, 0, 984, 903, -452, -500, 0, 233, 0, 0, 987, 724, 1399, 0
1296747, 2023-10-02 09:15:59, 31255, 50.039001, 705, 4231, 14749, 3605, 0, 661, 2091, 0, 1468.369995, 0, 996, 1004, -452, -486, 0, 149, 0, 0, 956, 709, 1399, 0
1296748, 2023-10-02 09:20:51, 31255, 50.042, 705, 4231, 14749, 3605, 0, 661, 2091, 0, 1490.140015, 0, 996, 1004, -452, -486, 0, 149, 0, 0, 956, 709, 1399, 0
1296749, 2023-10-02 09:25:39, 31220, 50.057999, 702, 4228, 14664, 3666, 0, 661, 2087, 0, 1486.530029, 0, 996, 1003, -452, -486, 0, 149, 0, 0, 956, 709, 1399, 0
1296750, 2023-10-02 09:30:43, 31195, 50.083, 703, 4227, 14565, 3746, 0, 661, 2081, 0, 1494.709961, 0, 996, 1003, -452, -486, 0, 149, 0, 0, 956, 709, 1399, 0
1296751, 2023-10-02 09:35:39, 31212, 50.032001, 704, 4228, 14524, 3809, 0, 660, 2076, 0, 1792.920044, 0, 997, 1003, -452, -448, 0, 147, 0, 0, 956, 709, 1399, 0
1296752, 2023-10-02 09:40:42, 31228, 50.091, 705, 4228, 14547, 3786, 0, 660, 2090, 0, 1814.23999, 0, 996, 1004, -452, -448, 0, 148, 0, 0, 956, 709, 1399, 0
1296753, 2023-10-02 09:45:42, 31327, 50.07, 703, 4226, 14702, 3732, 0, 660, 2092, 0, 1838.339966, 1, 997, 1003, -452, -448, 0, 147, 0, 0, 956, 709, 1399, 0
1296754, 2023-10-02 09:50:40, 31343, 49.946999, 705, 4224, 14692, 3769, 0, 660, 2084, 0, 1857.75, 0, 996, 1002, -452, -448, 0, 147, 0, 0, 956, 710, 1398, 0
1296755, 2023-10-02 09:55:40, 31261, 50.042999, 706, 4221, 14537, 3819, 0, 661, 2101, 0, 1858.589966, 2, 996, 1003, -452, -448, 0, 150, 0, 0, 956, 710, 1399, 0
1296756, 2023-10-02 10:00:51, 31261, 50.027, 703, 4222, 14516, 3852, 0, 660, 2095, 0, 1876.699951, 2, 996, 1003, -452, -448, 0, 147, 0, 0, 956, 710, 1399, 0
1296757, 2023-10-02 10:06:53, 31261, 50.033001, 703, 4222, 14516, 3852, 0, 660, 2095, 0, 2005.069946, 2, 996, 1003, -452, -448, 0, 147, 0, 0, 956, 710, 1399, 0
1296758, 2023-10-02 10:10:57, 31067, 50.016998, 696, 4226, 14330, 3872, 0, 660, 2096, 0, 2079.649902, 0, 996, 975, -452, -392, 0, 148, 0, 0, 983, 686, 1399, 0
1296759, 2023-10-02 10:15:42, 31012, 50.040001, 653, 4226, 14315, 3875, 0, 660, 2097, 0, 2083.47998, 0, 996, 976, -452, -392, 0, 147, 0, 0, 991, 677, 1399, 0
1296760, 2023-10-02 10:21:39, 31012, 50.048, 653, 4226, 14315, 3875, 0, 660, 2097, 0, 2114.409912, 0, 996, 976, -452, -392, 0, 147, 0, 0, 991, 677, 1399, 0
1296761, 2023-10-02 10:26:26, 30963, 50.048, 555, 4227, 14286, 3972, 0, 659, 2077, 0, 2113.72998, 0, 996, 975, 0, 0, 0, 149, 0, 0, 991, 677, 1399, 0
1296762, 2023-10-02 10:31:41, 30963, 50.012001, 555, 4227, 14286, 3972, 0, 659, 2077, 0, 2125.76001, 0, 996, 975, -452, -434, 0, 149, 0, 0, 991, 677, 1399, 0
1296763, 2023-10-02 10:35:45, 30906, 50.007, 468, 4233, 14438, 3821, 0, 660, 2099, 0, 2211.02002, 2, 996, 975, -452, -434, 0, 147, 0, 0, 991, 677, 1399, 0
1296764, 2023-10-02 10:40:57, 30925, 50.094002, 461, 4232, 14478, 3808, 0, 659, 2101, 0, 2258.610107, 3, 996, 974, -452, -434, 0, 146, 0, 0, 991, 677, 1399, 0
1296765, 2023-10-02 10:46:27, 31037, 50.063999, 458, 4232, 14520, 3881, 0, 660, 2097, 0, 2278.5, 4, 997, 975, -452, -434, 0, 146, 0, 0, 991, 677, 1399, 0
1296766, 2023-10-02 10:51:45, 31037, 50.029999, 458, 4232, 14520, 3881, 0, 660, 2097, 0, 2290.219971, 4, 997, 975, -452, -434, 0, 146, 0, 0, 991, 677, 1399, 0
1296767, 2023-10-02 10:56:36, 31000, 50.073002, 459, 4232, 14507, 3847, 0, 660, 2108, 0, 2310.459961, 2, 996, 976, -452, -434, 0, 146, 0, 0, 991, 677, 1399, 0
1296768, 2023-10-02 11:01:32, 31000, 50.077999, 459, 4232, 14507, 3847, 0, 660, 2108, 0, 2312.149902, 2, 996, 976, -452, -434, 0, 146, 0, 0, 991, 677, 1399, 0
1296769, 2023-10-02 11:06:35, 31000, 50.022999, 459, 4232, 14507, 3847, 0, 660, 2108, 0, 2368.300049, 2, 996, 976, -452, -526, 0, 146, 0, 0, 991, 677, 1399, 0
1296770, 2023-10-02 11:11:05, 30889, 50.007999, 459, 4231, 14950, 3949, 0, 644, 2105, 0, 2429.139893, 3, 733, 806, -452, -526, 0, 159, 0, 0, 810, 641, 1399, 0
1296771, 2023-10-02 11:16:22, 30913, 49.894001, 458, 4234, 15026, 4017, 0, 643, 2108, 0, 2455.47998, 2, 663, 808, -452, -526, 0, 181, 0, 0, 746, 628, 1399, 0
1296772, 2023-10-02 11:20:50, 30896, 49.869999, 464, 4228, 15026, 3987, 0, 644, 2108, 0, 2471.330078, 3, 664, 807, -452, -526, 0, 193, 0, 0, 746, 628, 1398, 0
1296773, 2023-10-02 11:25:41, 30895, 49.895, 459, 4229, 15007, 3984, 0, 645, 2105, 0, 2486.129883, 3, 663, 809, -452, -526, 0, 219, 0, 0, 746, 628, 1398, 0
1296774, 2023-10-02 11:31:59, 30895, 49.944, 459, 4229, 15007, 3984, 0, 645, 2105, 0, 2486.629883, 3, 663, 809, -452, -442, 0, 219, 0, 0, 746, 628, 1398, 0
1296775, 2023-10-02 11:36:54, 30895, 50.004002, 459, 4229, 15007, 3984, 0, 645, 2105, 0, 2349.75, 3, 663, 809, -452, -442, 0, 219, 0, 0, 746, 628, 1398, 0
1296776, 2023-10-02 11:40:45, 31161, 50.062, 517, 4221, 15293, 3973, 0, 645, 2110, 0, 2423.679932, 3, 664, 807, -452, -442, 0, 155, 0, 0, 746, 628, 1399, 0
1296777, 2023-10-02 11:46:41, 31161, 50.112, 517, 4221, 15293, 3973, 0, 645, 2110, 0, 2450.939941, 3, 664, 807, -452, -442, 0, 155, 0, 0, 746, 628, 1399, 0
1296778, 2023-10-02 11:50:59, 31377, 50.118999, 554, 4232, 15365, 4097, 0, 643, 2095, 0, 2476.850098, 2, 664, 808, -452, -442, 0, 145, 0, 0, 746, 628, 1398, 0
1296779, 2023-10-02 11:56:17, 31453, 50.118999, 585, 4240, 15396, 4102, 0, 643, 2095, 0, 2477.290039, 3, 664, 808, -452, -442, 0, 145, 0, 0, 746, 628, 1398, 0
1296780, 2023-10-02 12:01:33, 31453, 49.966999, 585, 4240, 15396, 4102, 0, 643, 2095, 0, 2481.379883, 3, 664, 808, -452, -484, 0, 145, 0, 0, 746, 628, 1398, 0
1296781, 2023-10-02 12:06:51, 31453, 49.966999, 585, 4240, 15396, 4102, 0, 643, 2095, 0, 2309.459961, 3, 664, 808, -452, -484, 0, 145, 0, 0, 746, 628, 1398, 0
1296782, 2023-10-02 12:11:41, 31006, 50.037998, 676, 4236, 14998, 3989, 2, 645, 2108, 0, 2361.030029, 3, 411, 1031, -452, -484, 0, 199, 0, 0, 437, 873, 1398, 0
1296783, 2023-10-02 12:16:14, 31063, 50.026001, 676, 4230, 14931, 3983, 180, 646, 2107, 0, 2372.23999, 2, 349, 1050, -452, -484, 0, 229, 0, 0, 330, 951, 1399, 0
1296784, 2023-10-02 12:21:39, 31063, 49.908001, 676, 4230, 14931, 3983, 180, 646, 2107, 0, 2381.060059, 2, 349, 1050, -452, -484, 0, 229, 0, 0, 330, 951, 1399, 0
1296785, 2023-10-02 12:26:57, 31063, 49.886002, 676, 4230, 14931, 3983, 180, 646, 2107, 0, 2386.51001, 2, 349, 1050, -452, -484, 0, 229, 0, 0, 330, 951, 1399, 0
1296786, 2023-10-02 12:31:44, 30924, 49.886002, 677, 4230, 15056, 3942, 0, 655, 2096, 0, 2397.52002, 2, 349, 1049, -452, -484, 0, 188, 0, 0, 330, 952, 1398, 0
1296787, 2023-10-02 12:35:55, 31012, 49.966999, 680, 4225, 15086, 3897, 77, 655, 2100, 0, 2107.51001, 3, 349, 1050, -452, -400, 0, 209, 0, 0, 330, 952, 1399, 0
1296788, 2023-10-02 12:41:14, 31254, 50.004002, 680, 4230, 15149, 3874, 218, 640, 2104, 0, 2120.030029, 2, 349, 1049, -452, -400, 0, 278, 0, 0, 330, 952, 1399, 0
1296789, 2023-10-02 12:45:47, 31163, 50.030998, 677, 4233, 15137, 3833, 218, 639, 2103, 0, 2118.719971, 4, 349, 1049, -452, -400, 0, 242, 0, 0, 331, 950, 1398, 0
1296790, 2023-10-02 12:50:44, 31031, 50.037998, 678, 4238, 15168, 3720, 156, 638, 2102, 0, 2117.030029, 3, 349, 1048, -452, -400, 0, 253, 0, 0, 330, 950, 1398, 0
1296791, 2023-10-02 12:56:33, 31031, 49.971001, 678, 4238, 15168, 3720, 156, 638, 2102, 0, 2142, 3, 349, 1048, -452, -400, 0, 253, 0, 0, 330, 950, 1398, 0
1296792, 2023-10-02 13:01:32, 30972, 49.969002, 682, 4240, 15230, 3760, 0, 639, 2115, 0, 2151.969971, 3, 349, 1048, -452, -400, 0, 228, 0, 0, 330, 950, 1398, 0
1296793, 2023-10-02 13:06:19, 30967, 49.933998, 681, 4240, 15282, 3772, 0, 639, 2125, 0, 1858.969971, 3, 374, 933, -452, -400, 0, 220, 0, 0, 360, 940, 1398, 0
1296794, 2023-10-02 13:11:44, 30967, 49.971001, 681, 4240, 15282, 3772, 0, 639, 2125, 0, 1859.650024, 3, 374, 933, -452, -400, 0, 220, 0, 0, 360, 940, 1398, 0
1296795, 2023-10-02 13:15:42, 30922, 49.945999, 673, 4234, 15362, 3841, 183, 658, 2187, 0, 1866.630005, 3, 450, 342, -452, -400, 0, 238, 0, 0, 450, 903, 1398, 0
1296796, 2023-10-02 13:20:43, 30930, 49.889999, 667, 4231, 15362, 3846, 183, 655, 2188, 0, 1854.829956, 3, 450, 343, -452, -400, 0, 251, 0, 0, 450, 903, 1398, 0
1296797, 2023-10-02 13:25:48, 30901, 49.941002, 669, 4229, 15372, 3840, 207, 640, 2162, 0, 1863.439941, 3, 450, 343, -452, -400, 0, 236, 0, 0, 449, 903, 1398, 0
1296798, 2023-10-02 13:30:43, 30948, 49.910999, 663, 4234, 15415, 3822, 314, 642, 2157, 0, 1873.619995, 2, 450, 343, -452, -400, 0, 156, 0, 0, 449, 903, 1398, 0
1296799, 2023-10-02 13:35:40, 30782, 49.987999, 672, 4236, 15480, 3744, 98, 651, 2162, 0, 1562.329956, 4, 450, 343, -452, -294, 0, 191, 0, 0, 450, 903, 1398, 0
1296800, 2023-10-02 13:40:52, 30876, 49.973999, 694, 4233, 15557, 3702, 193, 644, 2158, 0, 1586.569946, 2, 450, 343, -452, -294, 0, 149, 0, 0, 449, 903, 1399, 0
1296801, 2023-10-02 13:46:08, 30973, 49.958, 706, 4235, 15642, 3697, 203, 632, 2153, 0, 1581.73999, 4, 450, 343, -452, -294, 0, 156, 0, 0, 450, 903, 1399, 0
1296802, 2023-10-02 13:50:48, 31059, 49.914001, 703, 4239, 15662, 3753, 202, 634, 2146, 0, 1589.640015, 3, 450, 343, -452, -294, 0, 172, 0, 0, 450, 903, 1399, 0
1296803, 2023-10-02 13:55:41, 31204, 49.938, 701, 4240, 15595, 3797, 288, 634, 2151, 0, 1597.859985, 2, 450, 343, -452, -294, 0, 252, 0, 0, 450, 903, 1398, 0
1296804, 2023-10-02 14:00:52, 31254, 50.054001, 699, 4235, 15539, 3764, 456, 633, 2153, 0, 1612.609985, 2, 450, 343, -452, -294, 0, 229, 0, 0, 450, 903, 1398, 0
1296805, 2023-10-02 14:06:59, 31254, 50.069, 699, 4235, 15539, 3764, 456, 633, 2153, 0, 1378.339966, 2, 450, 343, -452, -378, 0, 229, 0, 0, 450, 903, 1398, 0
1296806, 2023-10-02 14:11:37, 31254, 50.130001, 699, 4235, 15539, 3764, 456, 633, 2153, 0, 1386.209961, 2, 450, 343, -452, -378, 0, 229, 0, 0, 450, 903, 1398, 0
1296807, 2023-10-02 14:15:49, 31205, 50.062, 700, 4239, 15620, 3708, 170, 642, 2235, 0, 1406.670044, 2, 812, 326, -452, -378, 0, 147, 0, 0, 468, 737, 1399, 0
1296808, 2023-10-02 14:20:41, 31171, 49.965, 696, 4248, 15602, 3710, 104, 649, 2273, 0, 1415.930054, 3, 812, 326, -452, -378, 0, 144, 0, 0, 468, 737, 1399, 0
1296809, 2023-10-02 14:25:39, 31081, 50.040001, 654, 4247, 15546, 3701, 104, 650, 2276, 0, 1421.699951, 3, 812, 326, -452, -378, 0, 158, 0, 0, 468, 737, 1399, 0
1296810, 2023-10-02 14:30:41, 31113, 49.973999, 631, 4244, 15552, 3784, 103, 648, 2261, 0, 1427.26001, 3, 812, 326, -452, -378, 0, 145, 0, 0, 468, 737, 1399, 0
1296811, 2023-10-02 14:35:45, 31217, 50.025002, 629, 4248, 15631, 3797, 103, 649, 2265, 0, 1248.160034, 2, 812, 326, -452, -308, 0, 151, 0, 0, 468, 737, 1399, 0
1296812, 2023-10-02 14:40:42, 31397, 49.966999, 630, 4250, 15786, 3714, 219, 649, 2256, 0, 1265.079956, 4, 812, 326, -452, -308, 0, 147, 0, 0, 468, 737, 1399, 0
1296813, 2023-10-02 14:45:42, 31553, 49.951, 673, 4249, 15931, 3654, 223, 650, 2256, 0, 1270.650024, 2, 812, 326, -452, -308, 0, 173, 0, 0, 468, 737, 1399, 0
1296814, 2023-10-02 14:50:53, 31735, 49.917, 733, 4244, 16075, 3614, 223, 649, 2269, 0, 1277.609985, 2, 812, 326, -452, -308, 0, 183, 0, 0, 468, 738, 1399, 0
1296815, 2023-10-02 14:55:50, 31882, 49.917999, 788, 4236, 16166, 3604, 223, 649, 2278, 0, 1287.640015, 1, 812, 326, -452, -308, 0, 194, 0, 0, 468, 738, 1399, 0
1296816, 2023-10-02 15:00:46, 32030, 50.074001, 825, 4239, 16308, 3611, 190, 649, 2277, 0, 1301.449951, 2, 814, 326, -452, -308, 0, 184, 0, 0, 468, 738, 1399, 0
1296817, 2023-10-02 15:05:43, 32030, 50.006001, 825, 4239, 16308, 3611, 190, 649, 2277, 0, 939.674988, 2, 814, 326, -452, -420, 0, 184, 0, 0, 468, 738, 1399, 0
1296818, 2023-10-02 15:11:09, 32282, 50.087002, 841, 4239, 16279, 3717, 105, 796, 2256, 0, 957.905029, 3, 900, 429, -452, -420, 0, 161, 0, 0, 754, 403, 1399, 0
1296819, 2023-10-02 15:15:41, 32292, 49.974998, 831, 4245, 16144, 3753, 105, 798, 2259, 0, 970.203979, 2, 936, 449, -452, -420, 0, 221, 0, 0, 852, 298, 1399, 0
1296820, 2023-10-02 15:20:46, 32316, 50.040001, 842, 4250, 16195, 3693, 105, 799, 2259, 0, 968.612, 3, 938, 449, -452, -420, 0, 234, 0, 0, 852, 298, 1399, 0
1296821, 2023-10-02 15:26:05, 32449, 49.98, 869, 4247, 16304, 3628, 150, 799, 2272, 0, 980.335999, 2, 938, 449, -452, -420, 0, 242, 0, 0, 852, 298, 1399, 0
1296822, 2023-10-02 15:30:46, 32604, 50.013, 911, 4247, 16412, 3582, 206, 798, 2274, 0, 979.348999, 2, 938, 449, -452, -420, 0, 236, 0, 0, 852, 298, 1399, 0
1296823, 2023-10-02 15:35:40, 32685, 50.030998, 941, 4240, 16363, 3599, 257, 799, 2285, 0, 747.81897, 2, 938, 449, -452, -524, 0, 263, 0, 0, 852, 298, 1399, 0
1296824, 2023-10-02 15:40:41, 32804, 50.022999, 955, 4242, 16354, 3677, 321, 798, 2280, 0, 769.234985, 2, 938, 449, -452, -524, 0, 239, 0, 0, 852, 298, 1399, 0
1296825, 2023-10-02 15:46:19, 32946, 49.965, 954, 4243, 16324, 3661, 476, 799, 2276, 0, 772.033997, 2, 938, 449, -452, -524, 0, 275, 0, 0, 852, 298, 1399, 0
1296826, 2023-10-02 15:50:50, 33222, 49.933998, 958, 4239, 16387, 3701, 626, 799, 2274, 0, 771.554016, 1, 938, 449, -452, -524, 0, 301, 0, 0, 852, 298, 1399, 0
1296827, 2023-10-02 15:55:44, 33442, 50.041, 954, 4234, 16487, 3804, 626, 798, 2304, 0, 787.255981, 2, 938, 449, -452, -524, 0, 297, 0, 0, 852, 298, 1399, 0
1296828, 2023-10-02 16:00:50, 33570, 49.896, 955, 4236, 16620, 3807, 627, 797, 2303, 0, 784.77301, 2, 938, 450, -452, -524, 0, 286, 0, 0, 852, 298, 1399, 0
1296829, 2023-10-02 16:05:51, 33538, 49.955002, 959, 4239, 16629, 3757, 784, 803, 2301, 0, 521.049011, 23, 938, 257, -452, -528, 0, 357, 0, 0, 849, 243, 1399, 0
1296830, 2023-10-02 16:11:23, 33765, 50.050999, 962, 4241, 16768, 3771, 1084, 816, 2300, 0, 527.213989, 45, 933, 0, -452, -528, 0, 476, 0, 0, 843, 127, 1399, 0
1296831, 2023-10-02 16:15:55, 33915, 50.071999, 961, 4241, 16790, 3734, 1096, 813, 2290, 0, 531.528992, 45, 932, 0, -452, -528, 0, 700, 0, 0, 842, 72, 1399, 0
1296832, 2023-10-02 16:20:40, 33895, 49.998001, 958, 4243, 16813, 3631, 1096, 815, 2307, 0, 536.195007, 47, 932, 0, -452, -528, 0, 740, 0, 0, 842, 72, 1399, 0
1296833, 2023-10-02 16:25:39, 33907, 50.012001, 959, 4243, 16889, 3498, 1097, 815, 2339, 0, 531.580994, 49, 932, 0, -452, -528, 0, 773, 0, 0, 842, 72, 1399, 0
1296834, 2023-10-02 16:30:45, 33951, 50.055, 960, 4238, 16934, 3469, 1097, 816, 2359, 0, 531.002014, 85, 932, 0, -452, -528, 0, 748, 0, 0, 842, 72, 1399, 0
1296835, 2023-10-02 16:35:46, 34091, 49.973, 957, 4234, 17003, 3461, 1097, 825, 2354, 0, 255.410995, 86, 932, -322, -452, -514, 0, 829, 0, 0, 842, 72, 1399, 0
1296836, 2023-10-02 16:41:30, 34263, 49.984001, 961, 4238, 17146, 3401, 1097, 840, 2351, 0, 264.221008, 149, 933, -322, -452, -514, 0, 834, 0, 0, 842, 72, 1399, 0
1296837, 2023-10-02 16:45:42, 34368, 50.019001, 954, 4239, 17251, 3388, 1097, 839, 2350, 0, 265.824005, 168, 932, -322, -452, -514, 0, 837, 0, 0, 842, 72, 1399, 0
1296838, 2023-10-02 16:50:53, 34351, 49.937, 956, 4238, 17248, 3361, 1097, 839, 2345, 0, 266.653992, 170, 933, -322, -452, -514, 0, 851, 0, 0, 842, 72, 1399, 0
1296839, 2023-10-02 16:55:51, 34455, 49.967999, 953, 4241, 17294, 3342, 1097, 840, 2349, 0, 264.113007, 168, 932, -322, -452, -514, 0, 926, 0, 0, 842, 72, 1399, 0
1296840, 2023-10-02 17:00:41, 34479, 50.053001, 954, 4236, 17298, 3347, 1097, 839, 2348, 0, 264.080994, 168, 933, -322, -452, -514, 0, 946, 0, 0, 842, 72, 1399, 0
1296841, 2023-10-02 17:07:01, 34479, 50.043999, 954, 4236, 17298, 3347, 1097, 839, 2348, 0, 85.119698, 168, 933, -330, -452, -506, 0, 946, 0, 0, 842, 72, 1399, 0
1296842, 2023-10-02 17:11:42, 34082, 50.058998, 956, 4242, 17388, 3318, 767, 861, 2329, 0, 92.909599, 169, 864, -330, -452, -506, 0, 1163, 0, 0, 626, 0, 1399, 0
1296843, 2023-10-02 17:15:53, 34103, 50.096001, 959, 4241, 17213, 3383, 826, 863, 2341, 0, 96.331299, 168, 844, -330, -452, -506, 0, 1314, 0, 0, 552, 0, 1399, 0
1296844, 2023-10-02 17:20:40, 34229, 50.119999, 960, 4237, 17073, 3491, 982, 865, 2336, 0, 97.163803, 168, 844, -330, -452, -506, 0, 1322, 0, 0, 552, 0, 1399, 0
1296845, 2023-10-02 17:25:42, 34227, 50.109001, 959, 4238, 16936, 3516, 1097, 866, 2335, 0, 97.371597, 169, 844, -330, -452, -506, 0, 1316, 0, 0, 552, 0, 1399, 0
1296846, 2023-10-02 17:30:40, 34158, 50.000999, 957, 4238, 16844, 3584, 1048, 865, 2333, 0, 97.144096, 168, 844, -330, -452, -506, 0, 1326, 0, 0, 552, 0, 1399, 0
1296847, 2023-10-02 17:35:42, 34062, 50.078999, 958, 4240, 16770, 3767, 836, 866, 2333, 0, 11.6387, 169, 844, 0, -452, -396, 0, 1328, 0, 0, 552, -458, 1399, 0
1296848, 2023-10-02 17:40:56, 34148, 50.091999, 954, 4232, 16763, 3718, 864, 887, 2344, 0, 11.8356, 169, 844, 0, -452, -396, 0, 1422, 0, 0, 552, -458, 1399, 0
1296849, 2023-10-02 17:45:53, 34173, 50.115002, 928, 4230, 16780, 3676, 949, 886, 2342, 0, 12.3854, 169, 844, 0, -452, -396, 0, 1418, 0, 0, 552, -458, 1399, 0
1296850, 2023-10-02 17:51:11, 34237, 50.005001, 863, 4230, 16791, 3804, 1059, 885, 2332, 0, 12.575, 169, 844, 0, -452, -396, 0, 1309, 0, 0, 552, -458, 1399, 0
1296851, 2023-10-02 17:55:44, 34262, 50.049999, 765, 4233, 16785, 3897, 946, 886, 2351, 0, 12.5316, 169, 844, 0, -452, -396, 0, 1435, 0, 0, 552, -458, 1399, 0
1296852, 2023-10-02 18:00:59, 34411, 50.058998, 672, 4233, 16814, 4044, 1072, 886, 2360, 0, 12.5156, 169, 845, 0, -452, -396, 0, 1365, 0, 0, 552, -458, 1399, 0
1296853, 2023-10-02 18:05:41, 34070, 50.028999, 616, 4228, 16724, 3947, 976, 881, 2360, 0, 0.039565, 169, 879, 0, -452, -384, 0, 1279, 0, 0, 612, -416, 1399, 0
1296854, 2023-10-02 18:11:47, 34070, 50.047001, 616, 4228, 16724, 3947, 976, 881, 2360, 0, 0.046648, 169, 879, 0, -452, -384, 0, 1279, 0, 0, 612, -416, 1399, 0
1296855, 2023-10-02 18:15:41, 34986, 50.081001, 597, 4229, 16546, 4029, 1096, 866, 2360, 0, 0.046057, 179, 963, 0, -452, -384, 0, 1150, 0, 0, 798, -416, 1399, 0
1296856, 2023-10-02 18:21:39, 34807, 49.853001, 599, 4228, 16515, 4022, 1096, 866, 2358, 0, 0.050054, 178, 963, 0, 0, 0, 0, 994, 0, 0, 798, 791, 1399, 0
1296857, 2023-10-02 18:25:51, 34699, 49.909, 603, 4231, 16531, 3964, 1097, 866, 2362, 0, 0.049998, 180, 964, 0, -452, -384, 0, 914, 0, 0, 797, -416, 1399, 0
1296858, 2023-10-02 18:31:19, 34674, 49.896999, 624, 4231, 16467, 3950, 1096, 867, 2372, 0, 0.049621, 178, 963, 0, -452, -384, 0, 938, 0, 0, 798, -416, 1399, 0
1296859, 2023-10-02 18:35:40, 34673, 50.035999, 652, 4231, 16539, 3917, 1097, 866, 2377, 0, 0, 179, 963, -550, -452, -510, 0, 865, 0, 0, 797, 791, 1399, 0
1296860, 2023-10-02 18:41:28, 34657, 49.971001, 685, 4229, 16784, 3853, 1095, 860, 2375, 0, 0, 178, 964, -550, -452, -510, 0, 647, 0, 0, 797, 791, 1399, 0
1296861, 2023-10-02 18:46:48, 34697, 50.082001, 709, 4227, 16937, 3814, 1065, 857, 2375, 0, 0, 178, 963, -550, -452, -510, 0, 584, 0, 0, 798, 791, 1399, 0
1296862, 2023-10-02 18:50:47, 34504, 50.078999, 709, 4226, 16835, 3876, 973, 856, 2368, 0, 0, 178, 963, -550, -452, -510, 0, 532, 0, 0, 798, 791, 1399, 0
1296863, 2023-10-02 18:56:27, 34151, 50.094002, 703, 4229, 16670, 4078, 589, 855, 2360, 0, 0, 179, 963, 0, 0, 0, 0, 536, 0, 0, 798, 792, 1399, 0
1296864, 2023-10-02 19:01:27, 33916, 50.027, 707, 4234, 16463, 4211, 434, 857, 2362, 0, 0, 180, 963, -590, -452, -528, 0, 516, 0, 0, 798, 792, 1399, 0
1296865, 2023-10-02 19:07:36, 33916, 50.027, 707, 4234, 16463, 4211, 434, 857, 2362, 0, 0, 180, 963, -590, -452, -528, 0, 516, 0, 0, 798, 792, 1399, 0
1296866, 2023-10-02 19:11:42, 33150, 50.155998, 803, 4231, 16418, 4616, 603, 847, 2373, 0, 0, 72, 821, -590, -452, -528, 0, 303, 0, 0, 219, 445, 1399, 0
1296867, 2023-10-02 19:16:33, 33150, 50.036999, 803, 4231, 16418, 4616, 603, 847, 2373, 0, 0, 72, 821, -590, -452, -528, 0, 303, 0, 0, 219, 445, 1399, 0
1296868, 2023-10-02 19:20:42, 32623, 50.029999, 822, 4227, 16264, 4838, 573, 840, 2357, 0, 0, 1, 777, -590, -452, -528, 0, 172, 0, 0, 18, 335, 1399, 0
1296869, 2023-10-02 19:26:07, 32296, 49.903, 749, 4225, 15933, 4977, 453, 841, 2366, 0, 0, 2, 777, -590, -452, -528, 0, 221, 0, 0, 18, 335, 1399, 0
1296870, 2023-10-02 19:31:58, 32133, 50.011002, 685, 4221, 15670, 4956, 605, 841, 2374, 0, 0, 1, 777, -104, -452, -528, 0, 251, 0, 0, 18, 335, 1399, 0
1296871, 2023-10-02 19:35:43, 32147, 50.026001, 608, 4218, 15544, 5030, 756, 841, 2378, 0, 0, 2, 778, -104, -452, -528, 0, 240, 0, 0, 18, 335, 1399, 0
1296872, 2023-10-02 19:42:00, 31965, 50.099998, 598, 4217, 15492, 5124, 574, 835, 2379, 0, 0, 2, 778, -104, -452, -528, 0, 214, 0, 0, 18, 335, 1399, 0
1296873, 2023-10-02 19:45:46, 31792, 50.055, 596, 4216, 15443, 5216, 412, 829, 2372, 0, 0, 3, 778, -104, -452, -528, 0, 175, 0, 0, 18, 335, 1399, 0
1296874, 2023-10-02 19:50:45, 31792, 49.914001, 596, 4216, 15443, 5216, 412, 829, 2372, 0, 0, 3, 778, -104, -452, -528, 0, 175, 0, 0, 18, 335, 1399, 0
1296875, 2023-10-02 19:56:52, 31792, 50.056999, 596, 4216, 15443, 5216, 412, 829, 2372, 0, 0, 3, 778, -104, -452, -528, 0, 175, 0, 0, 18, 335, 1399, 0
1296876, 2023-10-02 20:00:59, 31139, 50.077, 584, 4222, 14815, 5453, 72, 829, 2376, 0, 0, 3, 772, -104, -452, -528, 0, 262, 0, 0, 18, 334, 1399, 0
1296877, 2023-10-02 20:06:56, 31139, 49.963001, 584, 4222, 14815, 5453, 72, 829, 2376, 0, 0, 3, 772, -108, -452, -494, 0, 262, 0, 0, 18, 334, 1399, 0
1296878, 2023-10-02 20:12:18, 31153, 49.993, 646, 4224, 15545, 5883, 0, 823, 2370, 0, 0, 3, 0, -108, -452, -494, 0, 178, 0, 0, 23, 59, 1399, 0
1296879, 2023-10-02 20:16:49, 31313, 49.993, 674, 4222, 15676, 5657, 162, 820, 2378, 0, 0, 1, 0, -108, -452, -494, 0, 300, 0, 0, 24, 0, 1399, 0
1296880, 2023-10-02 20:21:48, 31313, 49.969002, 674, 4222, 15676, 5657, 162, 820, 2378, 0, 0, 1, 0, -108, -452, -494, 0, 300, 0, 0, 24, 0, 1399, 0
1296881, 2023-10-02 20:25:40, 31017, 50.098999, 670, 4221, 15589, 5614, 73, 794, 2375, 0, 0, 2, 0, -108, -452, -494, 0, 257, 0, 0, 23, 0, 1399, 0
1296882, 2023-10-02 20:30:45, 30828, 50.044998, 631, 4222, 15462, 5708, 0, 793, 2372, 0, 0, 1, 0, -108, -452, -494, 0, 217, 0, 0, 23, 0, 1399, 0
1296883, 2023-10-02 20:36:41, 30828, 50.009998, 631, 4222, 15462, 5708, 0, 793, 2372, 0, 0, 1, -322, -804, -414, -366, 0, 217, 0, 0, 23, -22, 1399, 0
1296884, 2023-10-02 20:42:33, 30828, 50.049999, 631, 4222, 15462, 5708, 0, 793, 2372, 0, 0, 1, -322, -804, -414, -366, 0, 217, 0, 0, 23, -22, 1399, 0
1296885, 2023-10-02 20:45:42, 30163, 50.050999, 395, 4228, 15010, 5898, 0, 644, 2365, 0, 0, 1, -322, -804, -414, -366, 0, 199, 0, 0, 24, -22, 1399, 0
1296886, 2023-10-02 20:50:49, 29991, 50.004002, 345, 4223, 14600, 6176, 0, 673, 2358, 0, 0, 1, -322, -804, -414, -366, 0, 192, 0, 0, 24, -22, 1399, 0
1296887, 2023-10-02 20:55:47, 29723, 50.030998, 296, 4227, 14279, 6301, 0, 645, 2363, 0, 0, 2, -322, -804, -414, -366, 0, 187, 0, 0, 24, -22, 1399, 0
1296888, 2023-10-02 21:01:35, 29723, 49.995998, 296, 4227, 14279, 6301, 0, 645, 2363, 0, 0, 2, -322, -804, -414, -366, 0, 187, 0, 0, 24, -22, 1399, 0
1296889, 2023-10-02 21:05:55, 29723, 49.935001, 296, 4227, 14279, 6301, 0, 645, 2363, 0, 0, 2, -380, -874, -452, -378, 0, 187, 0, 0, 24, -34, 1399, 0
1296890, 2023-10-02 21:11:47, 28819, 50.047001, 0, 4223, 13676, 5941, 137, 623, 2373, 0, 0, 2, -380, -874, -452, -378, 0, 398, 0, 0, 0, -34, 1399, 0
1296891, 2023-10-02 21:16:34, 28819, 50.050999, 0, 4223, 13676, 5941, 137, 623, 2373, 0, 0, 2, -380, -874, -452, -378, 0, 398, 0, 0, 0, -34, 1399, 0
1296892, 2023-10-02 21:21:46, 28819, 50.040001, 0, 4223, 13676, 5941, 137, 623, 2373, 0, 0, 2, -380, -874, -452, -378, 0, 398, 0, 0, 0, -34, 1399, 0
1296893, 2023-10-02 21:26:37, 28819, 49.956001, 0, 4223, 13676, 5941, 137, 623, 2373, 0, 0, 2, -380, -874, -452, -378, 0, 398, 0, 0, 0, -34, 1399, 0
1296894, 2023-10-02 21:31:11, 28028, 49.956001, 0, 4233, 13097, 6083, 0, 624, 2292, 0, 0, 2, -380, -874, -452, -378, 0, 251, 0, 0, 0, -34, 1399, 0
1296895, 2023-10-02 21:36:36, 28028, 50.098999, 0, 4233, 13097, 6083, 0, 624, 2292, 0, 0, 2, -398, -1014, -452, -308, 0, 251, 0, 0, -154, -34, 1399, 0
1296896, 2023-10-02 21:41:10, 27600, 50.108002, 0, 4231, 12571, 6399, 0, 622, 2140, 0, 0, 3, -398, -1014, -452, -308, 0, 188, 0, 0, -154, 47, 1399, 0
1296897, 2023-10-02 21:46:38, 27600, 50.051998, 0, 4231, 12571, 6399, 0, 622, 2140, 0, 0, 3, -398, -1014, -452, -308, 0, 188, 0, 0, -154, 47, 1399, 0
1296898, 2023-10-02 21:51:17, 26637, 50.027, 0, 4226, 10915, 7045, 0, 626, 2036, 0, 0, 2, -380, -874, -452, -378, 0, 340, 0, 0, 0, -34, 1399, 0
1296899, 2023-10-02 21:55:49, 26637, 50.07, 0, 4226, 10915, 7045, 0, 626, 2036, 0, 0, 2, -398, -1014, -452, -308, 0, 340, 0, 0, -154, 48, 1399, 0
1296900, 2023-10-02 22:02:34, 26637, 50.07, 0, 4226, 10915, 7045, 0, 626, 2036, 0, 0, 2, -360, -852, -452, -388, 0, 340, 0, 0, -130, 48, 1399, 0
1296901, 2023-10-02 22:06:49, 26637, 50.07, 0, 4226, 10915, 7045, 0, 626, 2036, 0, 0, 2, -380, -874, -452, -378, 0, 340, 0, 0, -130, -34, 1399, 0
1296902, 2023-10-02 22:11:39, 26637, 50.050999, 0, 4226, 10915, 7045, 0, 626, 2036, 0, 0, 2, -360, -852, -452, -388, 0, 340, 0, 0, -130, -34, 1399, 0
1296903, 2023-10-02 22:17:07, 26637, 49.993, 0, 4226, 10915, 7045, 0, 626, 2036, 0, 0, 2, -360, -852, -452, -388, 0, 340, 0, 0, -130, -34, 1399, 0
1296904, 2023-10-02 22:21:48, 26637, 49.993, 0, 4226, 10915, 7045, 0, 626, 2036, 0, 0, 2, -360, -852, -452, -388, 0, 340, 0, 0, -130, -34, 1399, 0
1296905, 2023-10-02 22:26:46, 26637, 49.969002, 0, 4226, 10915, 7045, 0, 626, 2036, 0, 0, 2, -360, -852, -452, -388, 0, 340, 0, 0, -130, -34, 1399, 0
1296906, 2023-10-02 22:31:50, 26637, 49.969002, 0, 4226, 10915, 7045, 0, 626, 2036, 0, 0, 2, -380, -874, -452, -378, 0, 340, 0, 0, -130, -34, 1399, 0
1296907, 2023-10-02 22:36:36, 26637, 50.008999, 0, 4226, 10915, 7045, 0, 626, 2036, 0, 0, 2, -380, -874, -452, -358, 0, 340, 0, 0, -130, -34, 1399, 0
1296908, 2023-10-02 22:42:03, 26637, 50.064999, 0, 4226, 10915, 7045, 0, 626, 2036, 0, 0, 2, -380, -874, -452, -358, 0, 340, 0, 0, -130, -34, 1399, 0
1296909, 2023-10-02 22:45:52, 23102, 50.053001, 0, 4232, 4838, 8516, 0, 620, 1045, 0, 0, 4, -380, -874, -452, -378, 0, 208, 0, 0, 676, -34, 1399, 0
1296910, 2023-10-02 22:51:30, 23045, 50.105999, 0, 4237, 4764, 8529, 0, 620, 1045, 0, 0, 3, -398, -1014, -452, -308, 0, 208, 0, 0, -154, 998, 1399, 0
1296911, 2023-10-02 22:56:59, 23045, 50.021, 0, 4237, 4764, 8529, 0, 620, 1045, 0, 0, 3, -398, -1014, -452, -308, 0, 208, 0, 0, -154, 998, 1399, 0
1296912, 2023-10-02 23:02:44, 23045, 50.021, 0, 4237, 4764, 8529, 0, 620, 1045, 0, 0, 3, -398, -1014, -452, -308, 0, 208, 0, 0, -154, 998, 1399, 0
1296913, 2023-10-02 23:06:53, 23045, 50.096001, 0, 4237, 4764, 8529, 0, 620, 1045, 0, 0, 3, -398, -1014, -386, -212, 0, 208, 0, 0, -154, 998, 1399, 0
1296914, 2023-10-02 23:12:25, 23045, 50.096001, 0, 4237, 4764, 8529, 0, 620, 1045, 0, 0, 3, -398, -1014, -386, -212, 0, 208, 0, 0, -154, 998, 1399, 0
1296915, 2023-10-02 23:16:59, 22324, 49.955002, 0, 4238, 4186, 8047, 0, 606, 1046, 0, 0, 1, 766, 166, 0, 0, 0, 186, 0, 0, 684, 999, 1399, 0
1296916, 2023-10-02 23:21:11, 22324, 49.955002, 0, 4238, 4186, 8047, 0, 606, 1046, 0, 0, 1, 766, 166, -452, -358, 0, 186, 0, 0, 684, 999, 1399, 0
1296917, 2023-10-02 23:27:12, 22324, 49.955002, 0, 4238, 4186, 8047, 0, 606, 1046, 0, 0, 1, 766, 166, -386, -212, 0, 186, 0, 0, 684, 999, 1399, 0
1296918, 2023-10-02 23:31:44, 22324, 50.094002, 0, 4238, 4186, 8047, 0, 606, 1046, 0, 0, 1, 766, 166, -386, -212, 0, 186, 0, 0, 684, 999, 1399, 0
1296919, 2023-10-02 23:36:40, 22324, 49.972, 0, 4238, 4186, 8047, 0, 606, 1046, 0, 0, 1, 766, 166, -386, -212, 0, 186, 0, 0, 684, 999, 1399, 0
1296920, 2023-10-02 23:40:43, 21851, 50.048, 0, 4238, 4011, 7718, 0, 631, 1033, 0, 0, 0, 766, 166, -386, -212, 0, 206, 0, 0, 684, 999, 1399, 0
1296921, 2023-10-02 23:46:46, 21851, 50.048, 0, 4238, 4011, 7718, 0, 631, 1033, 0, 0, 0, 766, 166, -386, -212, 0, 206, 0, 0, 684, 999, 1399, 0
1296922, 2023-10-02 23:50:48, 21850, 49.977001, 0, 4235, 3906, 7871, 0, 631, 1026, 0, 0, 0, 766, 166, -386, -212, 0, 167, 0, 0, 684, 999, 1399, 0
1296923, 2023-10-02 23:55:41, 21906, 50.044998, 0, 4237, 3876, 7954, 0, 631, 1028, 0, 0, 0, 766, 166, -386, -212, 0, 167, 0, 0, 684, 998, 1399, 0
